run,experiment,condition,fastq_1,fastq_2
SRR16496056,SRX12699021,0DYA,assets/data/fastq/SRR16496056_1.fastq.gz,assets/data/fastq/SRR16496056_2.fastq.gz
SRR16496057,SRX12699022,0DYA,assets/data/fastq/SRR16496057_1.fastq.gz,assets/data/fastq/SRR16496057_2.fastq.gz
SRR16496058,SRX12699023,0DYA,assets/data/fastq/SRR16496058_1.fastq.gz,assets/data/fastq/SRR16496058_2.fastq.gz
SRR16496059,SRX12699024,0DYA,assets/data/fastq/SRR16496059_1.fastq.gz,assets/data/fastq/SRR16496059_2.fastq.gz
SRR16496060,SRX12699025,0DYA,assets/data/fastq/SRR16496060_1.fastq.gz,assets/data/fastq/SRR16496060_2.fastq.gz
SRR16496066,SRX12699031,9DA,assets/data/fastq/SRR16496066_1.fastq.gz,assets/data/fastq/SRR16496066_2.fastq.gz
SRR16496067,SRX12699032,9DA,assets/data/fastq/SRR16496067_1.fastq.gz,assets/data/fastq/SRR16496067_2.fastq.gz
SRR16496068,SRX12699033,9DA,assets/data/fastq/SRR16496068_1.fastq.gz,assets/data/fastq/SRR16496068_2.fastq.gz
SRR16496069,SRX12699034,9DA,assets/data/fastq/SRR16496069_1.fastq.gz,assets/data/fastq/SRR16496069_2.fastq.gz
SRR16496070,SRX12699035,9DA,assets/data/fastq/SRR16496070_1.fastq.gz,assets/data/fastq/SRR16496070_2.fastq.gz
